com_zan01,960,544
com_zan02,960,544
com_zan03,960,544
com_zan04,960,544
com_zan05,960,544
com_zan06,960,544
com_zan07,960,544
com_zan08,960,544
com_zan09,960,544
ed_01,1600,904
mv_01,3200,904
mv_02,3200,904
mv_03,1600,904
mv_04,1600,904
mv_05,1600,904
mv_06,1600,904
mv_07,1600,904
mv_08,1600,904
mv_09,1600,904
mv_10,1600,904
mv_11,1600,904
mv_12,1600,904
mv_13,1600,904
mv_14,1600,904
mv_15,1600,904
mv_16,1600,904
mv_17,1600,904
mv_18,1600,904
mv_19,1600,904
mv_20,1600,904
mv_21,1600,904
mv_22,1600,904
mv_23,1600,904
mv_24,1600,904
mv_25,1600,904
mv_26,1600,904
mv_27_a,1600,904
mv_27_b,1600,904
mv_28_a,1600,904
mv_28_b,1600,904
mv_28_c,1600,904
mv_28_d,1600,904
mv_29,1600,904
mv_30,1600,904
mv_31,1600,904
mv_32,1600,904
mv_33,1600,904
mv_35_a,1600,904
mv_35_b,1600,904
mv_36,1600,904
mv_38,1600,904
mv_39,1600,904
mv_40,1600,904
mv_41_a,1600,904
mv_41_b,1600,904
mv_42_a,1600,904
mv_42_b,1600,904
mv_43,1600,904
mv_44,1600,904
mv_ahen,960,544
mv_araya,1920,1080
mv_araya2,960,544
mv_bara,1920,1080
mv_blood1,960,544
mv_down,960,544
mv_film,1920,1080
mv_fushigi,960,544
mv_hinoko1,960,544
mv_hinoko2,960,544
mv_kaisou,960,544
mv_kouka01,960,544
mv_koukyuu1,960,544
mv_koukyuu1loop,960,544
mv_koukyuu2,960,544
mv_koukyuu2loop,960,544
mv_mist1,1920,1080
mv_mist2,1920,1080
mv_naraku,960,544
mv_rakka1,1280,720
mv_rakka2,1280,720
mv_rendan,960,544
mv_ryu1,960,544
mv_ryu2,960,544
mv_shinshou,960,544
mv_sinkai,960,544
mv_snnhakai,960,544
mv_snnsaisei,960,544
mv_sousen,960,544
mv_suimen1,960,544
mv_suimen2,960,544
mv_suimen3,1600,904
mv_suiteki,960,544
mv_tamashii,960,544
mv_tunnel,960,544
mv_tunnel2,1600,904
mv_unkai,960,544
op_01,1600,904
